"id","name"
"15","ΣΑΛΑΤΕΣ"
"16","ΟΡΕΚΤΙΚΑ"
"17","ΤΥΛΙΧΤΑ"
"19","ΚΡΕΑΤΙΚΑ"
"id","order_string","date_time","order_table","price","order_index","loaded","printed","closed"
"152","{table: Α3}&amp;{price: 3.1|{Name:Φετα Ψητη&amp; price:3.1&amp;category:ΟΡΕΚΤΙΚΑ&amp;quantity:1&amp;&lt;&gt;[]}&amp;","2023-08-11 01:43:00","Α3","3.1","1","1","1","1"
"153","{table: Α3}&amp;{price: 6.2|{Name:Φετα Ψητη&amp; price:3.1&amp;category:ΟΡΕΚΤΙΚΑ&amp;quantity:2&amp;&lt;&gt;[]}&amp;","2023-08-11 01:43:19","Α3","6.2","2","1","0","1"
"154","{table: Α4}&amp;{price: 3.1|{Name:Φετα Ψητη&amp; price:3.1&amp;category:ΟΡΕΚΤΙΚΑ&amp;quantity:1&amp;&lt;&gt;[]}&amp;","2023-08-17 10:26:00","Α4","3.1","1","1","1","1"
"155","{table: Α4}&amp;{price: 3.1|{Name:Φετα Ψητη&amp; price:3.1&amp;category:ΟΡΕΚΤΙΚΑ&amp;quantity:1&amp;&lt;&gt;[]}&amp;","2023-08-17 10:26:40","Α4","3.1","2","1","0","1"
"156","{table: Α4}&amp;{price: 3.1|{Name:Φετα Ψητη&amp; price:3.1&amp;category:ΟΡΕΚΤΙΚΑ&amp;quantity:1&amp;&lt;&gt;[]}&amp;","2023-08-17 10:27:03","Α4","3.1","3","1","0","1"
"157","{table: Α4}&amp;{price: 3.1|{Name:Φετα Ψητη&amp; price:3.1&amp;category:ΟΡΕΚΤΙΚΑ&amp;quantity:1&amp;&lt;&gt;[]}&amp;","2023-08-17 10:27:10","Α4","3.1","4","1","0","1"
"158","{table: Α4}&amp;{price: 9.299999|{Name:Φετα Ψητη&amp; price:3.1&amp;category:ΟΡΕΚΤΙΚΑ&amp;quantity:3&amp;&lt;Με ριγανη&gt;[]}&amp;","2023-08-17 10:33:09","Α4","9.3","5","1","0","1"
"159","{table: Α3}&amp;{price: 9.299999|{Name:Φετα Ψητη&amp; price:3.1&amp;category:ΟΡΕΚΤΙΚΑ&amp;quantity:3&amp;&lt;με ριγανη&gt;[]}&amp;","2023-08-18 12:09:26","Α3","9.3","3","1","0","1"
"160","{table: Α3}&amp;{price: 3.1|{Name:Φετα Ψητη&amp; price:3.1&amp;category:ΟΡΕΚΤΙΚΑ&amp;quantity:1&amp;&lt;&gt;[]}&amp;","2023-08-18 01:10:39","Α3","3.1","4","1","0","1"
"161","{table: Α3}&amp;{price: 6.2|{Name:Φετα Ψητη&amp; price:3.1&amp;category:ΟΡΕΚΤΙΚΑ&amp;quantity:2&amp;&lt;&gt;[]}&amp;","2023-08-18 01:10:59","Α3","6.2","5","1","0","1"
"162","{table: Α3}&amp;{price: 9.299999|{Name:Φετα Ψητη&amp; price:3.1&amp;category:ΟΡΕΚΤΙΚΑ&amp;quantity:3&amp;&lt;&gt;[]}&amp;","2023-08-18 01:16:17","Α3","9.3","6","1","0","1"
"163","{table: Α3}&amp;{price: 9.299999|{Name:Φετα Ψητη&amp; price:3.1&amp;category:ΟΡΕΚΤΙΚΑ&amp;quantity:3&amp;&lt;&gt;[]}&amp;","2023-08-18 01:16:23","Α3","9.3","7","1","0","1"
"164","{table: Α3}&amp;{price: 6.2|{Name:Φετα Ψητη&amp; price:3.1&amp;category:ΟΡΕΚΤΙΚΑ&amp;quantity:2&amp;&lt;&gt;[]}&amp;","2023-08-18 08:22:23","Α3","6.2","8","1","0","1"
"165","{table: Α4}&amp;{price: 12.4|{Name:Φετα Ψητη&amp; price:3.1&amp;category:ΟΡΕΚΤΙΚΑ&amp;quantity:2&amp;&lt;Με ριγανη&gt;[]}&amp;{Name:πιτα με σουβλακι&amp; price:6.2&amp;category:ΤΥΛΙΧΤΑ&amp;quantity:2&amp;&lt;&gt;[σως,τυρι τριμμενο&lt;&gt;(2)_]}&amp;","2023-08-20 01:31:33","Α4","12.4","1","1","1","1"
"166","{table: Α2}&amp;{price: 3.1|{Name:πιτα με σουβλακι&amp; price:3.1&amp;category:ΤΥΛΙΧΤΑ&amp;quantity:1&amp;&lt;&gt;[τυρι τριμμενο,τυροκαυτερη&lt;&gt;(1)_]}&amp;","2023-08-20 01:46:30","Α2","3.1","1","1","1","1"
"167","{table: Α1}&amp;{price: 3.1|{Name:πιτα με σουβλακι&amp; price:3.1&amp;category:ΤΥΛΙΧΤΑ&amp;quantity:1&amp;&lt;&gt;[τυρι τριμμενο,τυροκαυτερη&lt;&gt;(1)$3.1#_]}&amp;","2023-08-20 02:23:15","Α1","3.1","1","1","1","1"
"168","{table: Α2}&amp;{price: 3.1|{Name:πιτα με σουβλακι&amp; price:3.1&amp;category:ΤΥΛΙΧΤΑ&amp;quantity:1&amp;&lt;&gt;[τυρι τριμμενο,τυροκαυτερη&lt;&gt;(1)$3.1$_]}&amp;","2023-08-20 02:27:51","Α2","3.1","2","1","0","1"
"169","{table: Β2}&amp;{price: 3.1|{Name:πιτα με σουβλακι&amp; price:3.1&amp;category:ΤΥΛΙΧΤΑ&amp;quantity:1&amp;&lt;&gt;[τυρι τριμμενο,τυροκαυτερη&lt;&gt;(1)$3.1$_]}&amp;","2023-08-20 02:28:45","Β2","3.1","1","1","1","1"
"170","{table: Β3}&amp;{price: 3.1|{Name:πιτα με σουβλακι&amp; price:3.1&amp;category:ΤΥΛΙΧΤΑ&amp;quantity:1&amp;&lt;&gt;[τυρι τριμμενο,τυροκαυτερη&lt;&gt;(1)$3.1$_]}&amp;","2023-08-20 02:40:33","Β3","3.1","1","1","1","1"
"171","{table: Β3}&amp;{price: 6.2|{Name:πιτα με σουβλακι&amp; price:6.2&amp;category:ΤΥΛΙΧΤΑ&amp;quantity:2&amp;&lt;&gt;[τυρι τριμμενο,τυροκαυτερη&lt;&gt;(2)$6.2$_]}&amp;","2023-08-20 02:44:42","Β3","6.2","2","1","0","1"
"172","{table: Β4}&amp;{price: 7.7999997|{Name:πιτα με σουβλακι&amp; price:7.7999997&amp;category:ΤΥΛΙΧΤΑ&amp;quantity:2&amp;&lt;&gt;[τυρι τριμμενο,τυροκαυτερη&lt;&gt;(2)$7.7999997$_]}&amp;","2023-08-20 02:56:59","Β4","7.8","1","1","1","1"
"173","{table: Β4}&amp;{price: 7.7999997|{Name:πιτα με σουβλακι&amp; price:7.7999997&amp;category:ΤΥΛΙΧΤΑ&amp;quantity:2&amp;&lt;&gt;[τυρι τριμμενο,τυροκαυτερη&lt;&gt;(2)$7.7999997$_]}&amp;","2023-08-20 02:08:45","Β4","7.8","2","1","0","1"
"174","{table: Β4}&amp;{price: 2.1999998|{Name:πιτα με σουβλακι&amp; price:2.1999998&amp;category:ΤΥΛΙΧΤΑ&amp;quantity:2&amp;&lt;&gt;[Πατατες,Ντοματα&lt;&gt;(2)$2.1999998092651367$_]}&amp;","2023-08-20 02:14:33","Β4","2.2","3","1","0","1"
"175","{table: Β5}&amp;{price: 7.7999997|{Name:πιτα με σουβλακι&amp; price:7.7999997&amp;category:ΤΥΛΙΧΤΑ&amp;quantity:2&amp;&lt;&gt;[τυρι τριμμενο,τυροκαυτερη&lt;&gt;(2)$7.799999713897705$_]}&amp;","2023-08-20 02:15:49","Β5","7.8","1","1","1","1"
"176","{table: Α8}&amp;{price: 7.7999997|{Name:πιτα με σουβλακι&amp; price:7.7999997&amp;category:ΤΥΛΙΧΤΑ&amp;quantity:2&amp;&lt;&gt;[τυρι τριμμενο,τυροκαυτερη&lt;&gt;(2)$7.7999997$_]}&amp;","2023-08-20 02:21:18","Α8","7.8","1","1","1","1"
"177","{table: Α2}&amp;{price: 7.799999833106995|{Name:πιτα με σουβλακι&amp; price:7.799999833106995&amp;category:ΤΥΛΙΧΤΑ&amp;quantity:2&amp;&lt;&gt;[τυρι τριμμενο,τυροκαυτερη&lt;&gt;(2)$7.799999833106995$_]}&amp;","2023-08-20 02:27:58","Α2","7.8","3","1","0","1"
"178","{table: Β4}&amp;{price: 7.799999833106995|{Name:πιτα με σουβλακι&amp; price:7.799999833106995&amp;category:ΤΥΛΙΧΤΑ&amp;quantity:2&amp;&lt;&gt;[τυρι τριμμενο,τυροκαυτερη&lt;&gt;(2)$7.799999833106995$_]}&amp;","2023-08-20 02:46:09","Β4","7.8","4","1","0","1"
"179","{table: Α2}&amp;{price: 7.799999833106995|{Name:πιτα με σουβλακι&amp; price:7.799999833106995&amp;category:ΤΥΛΙΧΤΑ&amp;quantity:2&amp;&lt;&gt;[τυρι τριμμενο,τυροκαυτερη&lt;&gt;(2)$7.799999833106995$_]}&amp;","2023-08-20 02:54:03","Α2","7.8","4","1","0","1"
"180","{table: Α3}&amp;{price: 6.199999809265137|{Name:πιτα με σουβλακι&amp; price:6.199999809265137&amp;category:ΤΥΛΙΧΤΑ&amp;quantity:2&amp;&lt;&gt;[τυρι τριμμενο,τυροκαυτερη&lt;&gt;(2)$6.199999809265136718750$_]}&amp;","2023-08-20 03:03:46","Α3","6.2","9","1","0","1"
"181","{table: Α2}&amp;{price: 7.0|{Name:πιτα με σουβλακι&amp; price:7.0&amp;category:ΤΥΛΙΧΤΑ&amp;quantity:2&amp;&lt;&gt;[τυρι τριμμενο,τυροκαυτερη&lt;&gt;(2)$7.00$_]}&amp;","2023-08-21 03:57:02","Α2","7","5","1","0","1"
"182","{table: Α2}&amp;{price: 7.799999833106995|{Name:πιτα με σουβλακι&amp; price:7.799999833106995&amp;category:ΤΥΛΙΧΤΑ&amp;quantity:2&amp;&lt;&gt;[τυρι τριμμενο,τυροκαυτερη&lt;&gt;(2)$7.7999998331069948$_]}&amp;","2023-08-21 04:00:25","Α2","7.8","6","1","0","1"
"183","{table: Α2}&amp;{price: 7.799999833106995|{Name:πιτα με σουβλακι&amp; price:7.799999833106995&amp;category:ΤΥΛΙΧΤΑ&amp;quantity:2&amp;&lt;&gt;[τυρι τριμμενο,τυροκαυτερη&lt;&gt;(2)$7.7999998331069948$_]}&amp;","2023-08-21 04:04:46","Α2","7.8","7","1","0","1"
"184","{table: Α2}&amp;{price: 15.59999966621399|{Name:πιτα με σουβλακι&amp; price:15.59999966621399&amp;category:ΤΥΛΙΧΤΑ&amp;quantity:3&amp;&lt;&gt;[τυρι τριμμενο,τυροκαυτερη&lt;&gt;(4)$15.5999996662139896$_]}&amp;","2023-08-21 04:10:41","Α2","15.6","8","1","0","1"
"185","{table: Α4}&amp;{price: 7.800000190734863|{Name:πιτα με σουβλακι&amp; price:7.8&amp;category:ΤΥΛΙΧΤΑ&amp;quantity:2&amp;&lt;&gt;[τυρι τριμμενο,τυροκαυτερη&lt;&gt;(2)$7.8$_]}&amp;","2023-08-21 04:38:49","Α4","7.8","2","1","0","1"
"186","{table: Α2}&amp;{price: 26.19999933242798|{Name:πιτα με σουβλακι&amp; price:7.8&amp;category:ΤΥΛΙΧΤΑ&amp;quantity:2&amp;&lt;&gt;[τυρι τριμμενο,τυροκαυτερη&lt;&gt;(2)$7.8$_]}&amp;{Name:Σαλατα πρασινη&amp; price:15.299999&amp;category:ΣΑΛΑΤΕΣ&amp;quantity:3&amp;&lt;&gt;[]}&amp;{Name:Φετα Ψητη&amp; price:3.1&amp;category:ΟΡΕΚΤΙΚΑ&amp;quantity:1&amp;&lt;&gt;[]}&amp;","2023-08-21 04:52:19","Α2","26.2","1","1","1","1"
"187","{table: Α2}&amp;{price: 0.0|{Name:Σαλατα χωριατικη&amp; price:0.0&amp;category:ΣΑΛΑΤΕΣ&amp;quantity:2&amp;&lt;&gt;[]}&amp;","2023-08-21 05:02:10","Α2","0","2","1","0","1"
"188","{table: Α2}&amp;{price: 10.199999809265137|{Name:Σαλατα χωριατικη&amp; price:10.2&amp;category:ΣΑΛΑΤΕΣ&amp;quantity:2&amp;&lt;&gt;[]}&amp;","2023-08-21 05:06:29","Α2","10.2","3","1","0","1"
"189","{table: Α2}&amp;{price: 21.09999990463257|{Name:πιτα με σουβλακι&amp; price:7.8&amp;category:ΤΥΛΙΧΤΑ&amp;quantity:2&amp;&lt;&gt;[τυρι τριμμενο,τυροκαυτερη&lt;&gt;(2)$7.8$_]}&amp;{Name:Σαλατα χωριατικη&amp; price:10.2&amp;category:ΣΑΛΑΤΕΣ&amp;quantity:2&amp;&lt;&gt;[]}&amp;{Name:Φετα Ψητη&amp; price:3.1&amp;category:ΟΡΕΚΤΙΚΑ&amp;quantity:1&amp;&lt;&gt;[]}&amp;","2023-08-21 05:07:35","Α2","21.1","1","1","1","1"
"190","{table: Α2}&amp;{price: 2.200000047683716|{Name:πιτα με σουβλακι&amp; price:2.2&amp;category:ΤΥΛΙΧΤΑ&amp;quantity:2&amp;&lt;&gt;[Σως,Τζατζικι&lt;&gt;(2)$2.2$_]}&amp;","2023-08-21 05:15:52","Α2","2.2","2","1","0","1"
"191","{table: Α2}&amp;{price: 6.199999809265137|{Name:πιτα με σουβλακι&amp; price:6.2&amp;category:ΤΥΛΙΧΤΑ&amp;quantity:2&amp;&lt;&gt;[σως,τζατζικι&lt;&gt;(2)$6.2$_]}&amp;","2023-08-21 05:17:18","Α2","6.2","3","1","0","1"
"192","{table: Α3}&amp;{price: 24.999999523162842|{Name:Σαλατα χωριατικη&amp; price:10.2&amp;category:ΣΑΛΑΤΕΣ&amp;quantity:2&amp;&lt;Με ξυδι&gt;[]}&amp;{Name:Φετα Ψητη&amp; price:3.1&amp;category:ΟΡΕΚΤΙΚΑ&amp;quantity:1&amp;&lt;2&gt;[]}&amp;{Name:πιτα με σουβλακι&amp; price:11.7&amp;category:ΤΥΛΙΧΤΑ&amp;quantity:3&amp;&lt;&gt;[τυρι τριμμενο,τυροκαυτερη&lt;&gt;(3)$11.7$_]}&amp;","2023-08-21 06:49:55","Α3","25","1","1","1","1"
"193","{table: Α4}&amp;{price: 50.399999141693115|{Name:Σαλατα χωριατικη&amp; price:15.299999&amp;category:ΣΑΛΑΤΕΣ&amp;quantity:3&amp;&lt;Με ξυδι&gt;[]}&amp;{Name:Φετα Ψητη&amp; price:3.1&amp;category:ΟΡΕΚΤΙΚΑ&amp;quantity:1&amp;&lt;&gt;[]}&amp;{Name:πιτα με σουβλακι&amp; price:32.0&amp;category:ΤΥΛΙΧΤΑ&amp;quantity:8&amp;&lt;&gt;[τυρι τριμμενο,τυροκαυτερη&lt;χωρίς αλατι&gt;(3)$11.7$_σως,τζατζικι&lt;&gt;(3)$11.6999997$_σως,τυροκαυτερη&lt;ολικης&gt;(2)$8.5999998$_]}&amp;","2023-08-22 02:32:25","Α4","50.4","1","1","1","1"
"194","{table: Α5}&amp;{price: 24.999999523162842|{Name:Σαλατα χωριατικη&amp; price:10.2&amp;category:ΣΑΛΑΤΕΣ&amp;quantity:2&amp;&lt;&gt;[]}&amp;{Name:Φετα Ψητη&amp; price:3.1&amp;category:ΟΡΕΚΤΙΚΑ&amp;quantity:1&amp;&lt;&gt;[]}&amp;{Name:πιτα με σουβλακι&amp; price:11.7&amp;category:ΤΥΛΙΧΤΑ&amp;quantity:3&amp;&lt;&gt;[τυρι τριμμενο,τυροκαυτερη&lt;&gt;(3)$11.7$_]}&amp;","2023-08-22 02:40:10","Α5","25","1","1","1","1"
"195","{table: Α5}&amp;{price: 10.5|{Name:πιτα με σουβλακι&amp; price:10.5&amp;category:ΤΥΛΙΧΤΑ&amp;quantity:3&amp;&lt;&gt;[σως,τυροκαυτερη&lt;&gt;(3)$10.5$_]}&amp;","2023-08-22 02:40:33","Α5","10.5","2","1","0","1"
"196","{table: Α5}&amp;{price: 5.099999904632568|{Name:Σαλατα χωριατικη&amp; price:5.1&amp;category:ΣΑΛΑΤΕΣ&amp;quantity:1&amp;&lt;3&gt;[]}&amp;","2023-08-22 02:42:32","Α5","5.1","3","1","0","1"
"197","{table: Α5}&amp;{price: 15.299999237060547|{Name:Σαλατα χωριατικη&amp; price:15.299999&amp;category:ΣΑΛΑΤΕΣ&amp;quantity:3&amp;&lt;&gt;[]}&amp;","2023-08-22 02:43:00","Α5","15.3","4","1","0","1"
"198","{table: Α5}&amp;{price: 15.299999237060547|{Name:Σαλατα χωριατικη&amp; price:15.299999&amp;category:ΣΑΛΑΤΕΣ&amp;quantity:3&amp;&lt;&gt;[]}&amp;","2023-08-22 02:58:30","Α5","15.3","5","1","0","1"
"199","{table: Α3}&amp;{price: 15.299999237060547|{Name:Σαλατα χωριατικη&amp; price:15.299999&amp;category:ΣΑΛΑΤΕΣ&amp;quantity:3&amp;&lt;&gt;[]}&amp;","2023-08-22 03:14:59","Α3","15.3","2","1","0","1"
"200","{table: Α3}&amp;{price: 15.299999237060547|{Name:Σαλατα χωριατικη&amp; price:15.299999&amp;category:ΣΑΛΑΤΕΣ&amp;quantity:3&amp;&lt;&gt;[]}&amp;","2023-08-22 03:17:25","Α3","15.3","3","1","0","1"
"201","{table: Α4}&amp;{price: 15.299999237060547|{Name:Σαλατα χωριατικη&amp; price:15.299999&amp;category:ΣΑΛΑΤΕΣ&amp;quantity:3&amp;&lt;&gt;[]}&amp;","2023-08-22 03:38:23","Α4","15.3","2","1","0","1"
"202","{table: Α4}&amp;{price: 15.300000190734863|{Name:Σαλατα χωριατικη&amp; price:15.3&amp;category:ΣΑΛΑΤΕΣ&amp;quantity:3&amp;&lt;&gt;[]}&amp;","2023-08-22 03:42:16","Α4","15.3","3","1","0","1"
"203","{table: Α4}&amp;{price: 3.5|{Name:πιτα με σουβλακι&amp; price:3.5&amp;category:ΤΥΛΙΧΤΑ&amp;quantity:3&amp;&lt;&gt;[σως,τυροκαυτερη&lt;&gt;(1)$3.5$_]}&amp;","2023-08-22 03:51:23","Α4","3.5","4","1","0","1"
"204","{table: Α4}&amp;{price: 3.5|{Name:πιτα με σουβλακι&amp; price:3.5&amp;category:ΤΥΛΙΧΤΑ&amp;quantity:3&amp;&lt;&gt;[σως,τυροκαυτερη&lt;&gt;(1)$3.5$_]}&amp;","2023-08-22 03:52:18","Α4","3.5","5","1","0","1"
"205","{table: Α4}&amp;{price: 10.5|{Name:πιτα με σουβλακι&amp; price:10.5&amp;category:ΤΥΛΙΧΤΑ&amp;quantity:3&amp;&lt;&gt;[σως,τυροκαυτερη&lt;&gt;(3)$10.5$_]}&amp;","2023-08-22 03:52:56","Α4","10.5","6","1","0","1"
"206","{table: Α4}&amp;{price: 9.300000190734863|{Name:πιτα με σουβλακι&amp; price:9.3&amp;category:ΤΥΛΙΧΤΑ&amp;quantity:3&amp;&lt;null&gt;[]}&amp;","2023-08-22 04:01:03","Α4","9.3","7","1","0","1"
"207","{table: Α4}&amp;{price: 10.5|{Name:πιτα με σουβλακι&amp; price:10.5&amp;category:ΤΥΛΙΧΤΑ&amp;quantity:3&amp;&lt;&gt;[σως,τυροκαυτερη&lt;&gt;(3)$10.5$_]}&amp;","2023-08-22 04:29:54","Α4","10.5","8","1","0","1"
"208","{table: Α1}&amp;{price: 38.69999980926514|{Name:Σαλατα χωριατικη&amp; price:10.2&amp;category:ΣΑΛΑΤΕΣ&amp;quantity:2&amp;&lt;&gt;[]}&amp;{Name:Σαλατα πρασινη&amp; price:10.2&amp;category:ΣΑΛΑΤΕΣ&amp;quantity:2&amp;&lt;Με ξυδι&gt;[]}&amp;{Name:πιτα με σουβλακι&amp; price:7.8&amp;category:ΤΥΛΙΧΤΑ&amp;quantity:2&amp;&lt;&gt;[τυρι τριμμενο,τυροκαυτερη&lt;&gt;(2)$7.8$_]}&amp;{Name:πιτα με κοτοπουλο&amp; price:10.5&amp;category:ΤΥΛΙΧΤΑ&amp;quantity:3&amp;&lt;&gt;[σως,τυροκαυτερη&lt;&gt;(3)$10.5$_]}&amp;","2023-08-23 02:22:13","Α1","38.7","1","1","1","1"
"209","{table: Α1}&amp;{price: 29.59999990463257|{Name:πιτα με σουβλακι&amp; price:24.5&amp;category:ΤΥΛΙΧΤΑ&amp;quantity:7&amp;&lt;&gt;[σως,τυροκαυτερη&lt;&gt;(7)$24.5$_]}&amp;{Name:Σαλατα χωριατικη&amp; price:5.1&amp;category:ΣΑΛΑΤΕΣ&amp;quantity:1&amp;&lt;3&gt;[]}&amp;","2023-08-23 02:23:03","Α1","29.6","2","1","0","1"
"210","{table: Α1}&amp;{price: 18.800000190734863|{Name:Σαλατα χωριατικη&amp; price:15.3&amp;category:ΣΑΛΑΤΕΣ&amp;quantity:3&amp;&lt;&gt;[]}&amp;{Name:πιτα με σουβλακι&amp; price:3.5&amp;category:ΤΥΛΙΧΤΑ&amp;quantity:1&amp;&lt;&gt;[σως,τυροκαυτερη&lt;&gt;(1)$3.5$_]}&amp;","2023-08-23 02:24:06","Α1","18.8","3","1","0","1"
"211","{table: Α1}&amp;{price: 9.0|{Name:πιτα με σουβλακι&amp; price:3.9&amp;category:ΤΥΛΙΧΤΑ&amp;quantity:1&amp;&lt;&gt;[σως,τυρι τριμμενο,τυροκαυτερη&lt;&gt;(1)$3.9$_]}&amp;{Name:Σαλατα χωριατικη&amp; price:5.1&amp;category:ΣΑΛΑΤΕΣ&amp;quantity:1&amp;&lt;&gt;[]}&amp;","2023-08-23 02:24:24","Α1","9","4","1","0","1"
"212","{table: Α1}&amp;{price: 3.9000000953674316|{Name:πιτα με σουβλακι&amp; price:3.9&amp;category:ΤΥΛΙΧΤΑ&amp;quantity:1&amp;&lt;&gt;[σως,τυρι τριμμενο,τυροκαυτερη&lt;&gt;(1)$3.9$_]}&amp;","2023-08-23 02:24:39","Α1","3.9","5","1","0","1"
"213","{table: Α1}&amp;{price: 10.199999809265137|{Name:Σαλατα χωριατικη&amp; price:10.2&amp;category:ΣΑΛΑΤΕΣ&amp;quantity:2&amp;&lt;με ξυδι&gt;[]}&amp;","2023-08-28 07:36:12","Α1","10.2","6","1","0","1"
"214","{table: Α1}&amp;{price: 7.0|{Name:πιτα με σουβλακι&amp; price:7.0&amp;category:ΤΥΛΙΧΤΑ&amp;quantity:2&amp;&lt;χωρίς αλατι&gt;[σως,τυροκαυτερη&lt;χωρίς αλατι&gt;(2)$7.0$_]}&amp;","2023-08-28 07:42:39","Α1","7","7","1","0","1"
"215","{table: Α1}&amp;{price: 3.0999999046325684|{Name:Φετα Ψητη&amp; price:3.1&amp;category:ΟΡΕΚΤΙΚΑ&amp;quantity:1&amp;&lt;Αυτό το σχόλιο πρέπει να ναι πολύ μεγάλο για να σπάσει το οριο&gt;[]}&amp;","2023-08-31 11:43:23","Α1","3.1","8","1","0","1"
"216","{table: Α1}&amp;{price: 3.0999999046325684|{Name:Φετα Ψητη&amp; price:3.1&amp;category:ΟΡΕΚΤΙΚΑ&amp;quantity:1&amp;&lt;αυτο το σχόλιο πρέπει να είναι ακόμα πιο μεγάλο για να σπάσει το γαμημενο το όριο πολυ&gt;[]}&amp;","2023-09-01 12:42:16","Α1","3.1","9","1","0","1"
"217","{table: Α1}&amp;{price: 6.199999809265137|{Name:πιτα με σουβλακι&amp; price:6.2&amp;category:ΤΥΛΙΧΤΑ&amp;quantity:2&amp;&lt;&gt;[σως&lt;&gt;(2)$6.2$_]}&amp;","2023-09-01 01:04:32","Α1","6.2","10","1","0","1"
"218","{table: Α5}&amp;{price: 9.300000190734863|{Name:Φετα Ψητη&amp; price:9.3&amp;category:ΟΡΕΚΤΙΚΑ&amp;quantity:3&amp;&lt;&gt;[]}&amp;","2023-09-01 01:04:59","Α5","9.3","1","1","1","1"
"219","{table: Α1}&amp;{price: 9.300000190734863|{Name:Φετα Ψητη&amp; price:9.3&amp;category:ΟΡΕΚΤΙΚΑ&amp;quantity:3&amp;&lt;με ριγανη&gt;[]}&amp;","2023-09-05 07:32:59","Α1","9.3","11","1","0","1"
"220","{table: Α1}&amp;{price: 15.5|{Name:Φετα Ψητη&amp; price:15.5&amp;category:ΟΡΕΚΤΙΚΑ&amp;quantity:5&amp;&lt;&gt;[]}&amp;","2023-09-05 07:34:15","Α1","15.5","12","1","0","1"
"221","{table: Α2}&amp;{price: 9.300000190734863|{Name:Φετα Ψητη&amp; price:9.3&amp;category:ΟΡΕΚΤΙΚΑ&amp;quantity:3&amp;&lt;null &amp; με ριγανη &amp; με ντοματα&gt;[]}&amp;","2023-09-05 10:36:24","Α2","9.3","1","1","1","1"
"222","{table: Α2}&amp;{price: 6.199999809265137|{Name:Φετα Ψητη&amp; price:6.2&amp;category:ΟΡΕΚΤΙΚΑ&amp;quantity:2&amp;&lt;null&gt;[]}&amp;","2023-09-05 10:46:43","Α2","6.2","2","1","0","1"
"223","{table: Α2}&amp;{price: 9.300000190734863|{Name:Φετα Ψητη&amp; price:9.3&amp;category:ΟΡΕΚΤΙΚΑ&amp;quantity:3&amp;&lt;με ριγανη &amp; με λαδι&gt;[]}&amp;","2023-09-05 11:05:07","Α2","9.3","3","1","0","1"
"224","{table: Α2}&amp;{price: 3.0999999046325684|{Name:Φετα Ψητη&amp; price:3.1&amp;category:ΟΡΕΚΤΙΚΑ&amp;quantity:1&amp;&lt;με ριγανη&gt;[]}&amp;","2023-09-05 11:05:43","Α2","3.1","4","1","0","1"
"225","{table: Α2}&amp;{price: 3.0999999046325684|{Name:Φετα Ψητη&amp; price:3.1&amp;category:ΟΡΕΚΤΙΚΑ&amp;quantity:1&amp;&lt;με ριγανη&gt;[]}&amp;","2023-09-05 11:06:24","Α2","3.1","5","1","0","1"
"226","{table: Α2}&amp;{price: 3.0999999046325684|{Name:Φετα Ψητη&amp; price:3.1&amp;category:ΟΡΕΚΤΙΚΑ&amp;quantity:1&amp;&lt;με ριγανη&gt;[]}&amp;","2023-09-05 11:06:47","Α2","3.1","6","1","0","1"
"227","{table: Α3}&amp;{price: 5.099999904632568|{Name:Σαλατα πρασινη&amp; price:5.1&amp;category:ΣΑΛΑΤΕΣ&amp;quantity:1&amp;&lt;&gt;[]}&amp;","2023-09-05 11:08:12","Α3","5.1","1","1","1","1"
"228","{table: 1}&amp;{price: 15.199999809265137|{Name:Σαλατα χωριατικη&amp; price:5.1&amp;category:ΣΑΛΑΤΕΣ&amp;quantity:1&amp;&lt;&gt;[]}&amp;{Name:Φετα Ψητη&amp; price:3.1&amp;category:ΟΡΕΚΤΙΚΑ&amp;quantity:1&amp;&lt;&gt;[]}&amp;{Name:πιτα με σουβλακι&amp; price:7.0&amp;category:ΤΥΛΙΧΤΑ&amp;quantity:2&amp;&lt;&gt;[σως,τυρι τριμμενο&lt;&gt;(2)$7.0$_]}&amp;","2023-09-15 08:50:44","1","15.2","1","1","1","1"
"229","{table: 1}&amp;{price: 7.800000190734863|{Name:πιτα με σουβλακι&amp; price:7.8&amp;category:ΤΥΛΙΧΤΑ&amp;quantity:2&amp;&lt;&gt;[σως,τζατζικι,τυρι τριμμενο,τυροκαυτερη&lt;&gt;(2)$7.8$_]}&amp;","2023-09-15 08:51:17","1","7.8","2","1","0","1"
"230","{table: 4}&amp;{price: 21.799999713897705|{Name:Σαλατα χωριατικη&amp; price:5.1&amp;category:ΣΑΛΑΤΕΣ&amp;quantity:1&amp;&lt;χωρίς φέτα &gt;[]}&amp;{Name:πιτα με σουβλακι&amp; price:6.2&amp;category:ΤΥΛΙΧΤΑ&amp;quantity:2&amp;&lt;&gt;[τζατζικι&lt;&gt;(2)$6.2$_]}&amp;{Name:πιτα με κοτοπουλο&amp; price:10.5&amp;category:ΤΥΛΙΧΤΑ&amp;quantity:3&amp;&lt;&gt;[τζατζικι,τυρι τριμμενο&lt;&gt;(3)$10.5$_]}&amp;","2023-09-15 08:54:36","4","21.8","1","1","1","1"
"231","{table: 2}&amp;{price: 26.59999942779541|{Name:Σαλατα χωριατικη&amp; price:20.4&amp;category:ΣΑΛΑΤΕΣ&amp;quantity:4&amp;&lt;&gt;[]}&amp;{Name:Φετα Ψητη&amp; price:6.2&amp;category:ΟΡΕΚΤΙΚΑ&amp;quantity:2&amp;&lt;&gt;[]}&amp;","2023-09-15 08:56:04","2","26.6","1","1","1","1"
"232","{table: Β2}&amp;{price: 14.099999904632568|{Name:Σαλατα πρασινη&amp; price:10.2&amp;category:ΣΑΛΑΤΕΣ&amp;quantity:2&amp;&lt;&gt;[]}&amp;{Name:πιτα με κοτοπουλο&amp; price:3.9&amp;category:ΤΥΛΙΧΤΑ&amp;quantity:1&amp;&lt;&gt;[σως,τυρι τριμμενο,τυροκαυτερη&lt;&gt;(1)$3.9$_]}&amp;","2023-10-19 03:23:52","Β2","14.1","1","1","1","1"
"233","{table: Β2}&amp;{price: 3.0999999046325684|{Name:πιτα με σουβλακι&amp; price:3.1&amp;category:ΤΥΛΙΧΤΑ&amp;quantity:1&amp;&lt;&gt;[τζατζικι&lt;&gt;(1)$3.1$_]}&amp;","2023-11-11 09:40:58","Β2","3.1","2","1","0","1"
"234","{table: Β2}&amp;{price: 3.0999999046325684|{Name:πιτα με σουβλακι&amp; price:3.1&amp;category:ΤΥΛΙΧΤΑ&amp;quantity:1&amp;&lt;&gt;[τζατζικι&lt;&gt;(1)$3.1$_]}&amp;","2023-11-11 09:41:15","Β2","3.1","3","1","0","1"
"235","{table: Α2}&amp;{price: 6.599999904632568|{Name:πιτα με σουβλακι&amp; price:3.1&amp;category:ΤΥΛΙΧΤΑ&amp;quantity:1&amp;&lt;null&gt;[]}&amp;{Name:πιτα με κοτοπουλο&amp; price:3.5&amp;category:ΤΥΛΙΧΤΑ&amp;quantity:1&amp;&lt;&gt;[τζατζικι,τυρι τριμμενο&lt;&gt;(1)$3.5$_]}&amp;","2023-11-21 04:29:55","Α2","6.6","1","1","1","1"
"236","{table: Β5}&amp;{price: 8.199999809265137|{Name:Φετα Ψητη&amp; price:3.1&amp;category:ΟΡΕΚΤΙΚΑ&amp;quantity:1&amp;&lt;&gt;[]}&amp;{Name:Σαλατα πρασινη&amp; price:5.1&amp;category:ΣΑΛΑΤΕΣ&amp;quantity:1&amp;&lt;&gt;[]}&amp;","2024-05-11 04:56:22","Β5","8.2","1","1","1","1"
"237","{table: Α5}&amp;{price: 3.5|{Name:πιτα με σουβλακι&amp; price:3.5&amp;category:ΤΥΛΙΧΤΑ&amp;quantity:1&amp;&lt;&gt;[τζατζικι,τυρι τριμμενο&lt;&gt;(1)$3.5$_]}&amp;","2024-05-11 04:56:43","Α5","3.5","1","1","1","1"
"238","{table: Α5}&amp;{price: 3.0999999046325684|{Name:Φετα Ψητη&amp; price:3.1&amp;category:ΟΡΕΚΤΙΚΑ&amp;quantity:1&amp;&lt;5&gt;[]}&amp;","2024-05-11 04:57:01","Α5","3.1","2","1","0","1"
"239","{table: Γ1}&amp;{price: 3.5|{Name:πιτα με σουβλακι&amp; price:3.5&amp;category:ΤΥΛΙΧΤΑ&amp;quantity:1&amp;&lt;&gt;[τυροκαυτερη&lt;&gt;(1)$3.5$_]}&amp;","2024-05-11 04:57:39","Γ1","3.5","1","1","1","1"
"240","{table: Δ1}&amp;{price: 3.0999999046325684|{Name:Φετα Ψητη&amp; price:3.1&amp;category:ΟΡΕΚΤΙΚΑ&amp;quantity:1&amp;&lt;&gt;[]}&amp;","2024-05-11 04:58:12","Δ1","3.1","1","1","1","1"
"241","{table: Δ12}&amp;{price: 10.199999809265137|{Name:Σαλατα πρασινη&amp; price:5.1&amp;category:ΣΑΛΑΤΕΣ&amp;quantity:1&amp;&lt;null&gt;[]}&amp;{Name:Σαλατα χωριατικη&amp; price:5.1&amp;category:ΣΑΛΑΤΕΣ&amp;quantity:1&amp;&lt;&gt;[]}&amp;","2024-05-11 05:34:50","Δ12","10.2","1","1","1","1"
"242","{table: Δ10}&amp;{price: 5.099999904632568|{Name:Σαλατα πρασινη&amp; price:5.1&amp;category:ΣΑΛΑΤΕΣ&amp;quantity:1&amp;&lt;&gt;[]}&amp;","2024-05-11 09:17:49","Δ10","5.1","1","1","1","1"
"243","{table: Δ14}&amp;{price: 5.099999904632568|{Name:Σαλατα πρασινη&amp; price:5.1&amp;category:ΣΑΛΑΤΕΣ&amp;quantity:1&amp;&lt;&gt;[]}&amp;","2024-05-13 06:52:23","Δ14","5.1","1","1","1","1"
"244","{table: Δ14}&amp;{price: 5.099999904632568|{Name:Σαλατα πρασινη&amp; price:5.1&amp;category:ΣΑΛΑΤΕΣ&amp;quantity:1&amp;&lt;&gt;[]}&amp;","2024-05-13 08:38:19","Δ14","5.1","2","1","0","1"
"245","{table: Δ15}&amp;{price: 3.0999999046325684|{Name:Φετα Ψητη&amp; price:3.1&amp;category:ΟΡΕΚΤΙΚΑ&amp;quantity:1&amp;&lt;&gt;[]}&amp;","2024-05-13 08:38:33","Δ15","3.1","1","1","1","1"
"246","{table: Β2}&amp;{price: 6.199999809265137|{Name:Φετα Ψητη&amp; price:6.2&amp;category:ΟΡΕΚΤΙΚΑ&amp;quantity:2&amp;&lt;&gt;[]}&amp;","2024-05-13 08:39:06","Β2","6.2","4","1","0","1"
"247","{table: Β2}&amp;{price: 5.099999904632568|{Name:Σαλατα πρασινη&amp; price:5.1&amp;category:ΣΑΛΑΤΕΣ&amp;quantity:1&amp;&lt;&gt;[]}&amp;","2024-05-13 08:55:56","Β2","5.1","5","1","0","1"
"248","{table: Δ4}&amp;{price: 5.099999904632568|{Name:Σαλατα πρασινη&amp; price:5.1&amp;category:ΣΑΛΑΤΕΣ&amp;quantity:1&amp;&lt;&gt;[]}&amp;","2024-05-13 08:56:08","Δ4","5.1","1","1","1","1"
"249","{table: Δ1}&amp;{price: 3.0999999046325684|{Name:Φετα Ψητη&amp; price:3.1&amp;category:ΟΡΕΚΤΙΚΑ&amp;quantity:1&amp;&lt;&gt;[]}&amp;","2024-05-13 04:20:55","Δ1","3.1","2","1","0","1"
"250","{table: Δ1}&amp;{price: 3.0999999046325684|{Name:Φετα Ψητη&amp; price:3.1&amp;category:ΟΡΕΚΤΙΚΑ&amp;quantity:1&amp;&lt;&gt;[]}&amp;","2024-05-13 04:23:40","Δ1","3.1","3","1","1","0"
"251","{table: Δ1}&amp;{price: 3.0999999046325684|{Name:Φετα Ψητη&amp; price:3.1&amp;category:ΟΡΕΚΤΙΚΑ&amp;quantity:1&amp;&lt;&gt;[]}&amp;","2024-05-13 04:24:39","Δ1","3.1","4","1","0","1"
"252","{table: Δ5}&amp;{price: 3.0999999046325684|{Name:Φετα Ψητη&amp; price:3.1&amp;category:ΟΡΕΚΤΙΚΑ&amp;quantity:1&amp;&lt;null&gt;[]}&amp;","2024-05-13 05:07:25","Δ5","3.1","1","1","1","1"
"253","{table: Δ5}&amp;{price: 3.0999999046325684|{Name:Φετα Ψητη&amp; price:3.1&amp;category:ΟΡΕΚΤΙΚΑ&amp;quantity:1&amp;&lt;null&gt;[]}&amp;","2024-05-13 05:30:00","Δ5","3.1","2","1","0","1"
"254","{table: Δ5}&amp;{price: 3.0999999046325684|{Name:Φετα Ψητη&amp; price:3.1&amp;category:ΟΡΕΚΤΙΚΑ&amp;quantity:1&amp;&lt;&gt;[]}&amp;","2024-05-13 05:34:56","Δ5","3.1","3","1","0","1"
"255","{table: Δ5}&amp;{price: 3.0999999046325684|{Name:Φετα Ψητη&amp; price:3.1&amp;category:ΟΡΕΚΤΙΚΑ&amp;quantity:1&amp;&lt;&gt;[]}&amp;","2024-05-13 05:38:25","Δ5","3.1","4","1","0","1"
"256","{table: Δ5}&amp;{price: 5.099999904632568|{Name:Σαλατα πρασινη&amp; price:5.1&amp;category:ΣΑΛΑΤΕΣ&amp;quantity:1&amp;&lt;&gt;[]}&amp;","2024-05-13 05:40:19","Δ5","5.1","5","1","0","1"
"257","{table: Δ5}&amp;{price: 3.0999999046325684|{Name:Φετα Ψητη&amp; price:3.1&amp;category:ΟΡΕΚΤΙΚΑ&amp;quantity:1&amp;&lt;&gt;[]}&amp;","2024-05-13 05:40:51","Δ5","3.1","6","1","0","1"
"258","{table: Δ1}&amp;{price: 8.199999809265137|{Name:Σαλατα πρασινη&amp; price:5.1&amp;category:ΣΑΛΑΤΕΣ&amp;quantity:1&amp;&lt;&gt;[]}&amp;{Name:Φετα Ψητη&amp; price:3.1&amp;category:ΟΡΕΚΤΙΚΑ&amp;quantity:1&amp;&lt;&gt;[]}&amp;","2024-05-13 05:41:21","Δ1","8.2","5","1","0","1"
"259","{table: Δ1}&amp;{price: 5.099999904632568|{Name:Σαλατα πρασινη&amp; price:5.1&amp;category:ΣΑΛΑΤΕΣ&amp;quantity:1&amp;&lt;&gt;[]}&amp;","2024-05-13 05:48:02","Δ1","5.1","6","1","0","1"
"260","{table: Δ1}&amp;{price: 3.0999999046325684|{Name:Φετα Ψητη&amp; price:3.1&amp;category:ΟΡΕΚΤΙΚΑ&amp;quantity:1&amp;&lt;&gt;[]}&amp;","2024-05-13 05:48:25","Δ1","3.1","7","1","0","1"
"261","{table: Δ10}&amp;{price: 5.099999904632568|{Name:Σαλατα πρασινη&amp; price:5.1&amp;category:ΣΑΛΑΤΕΣ&amp;quantity:1&amp;&lt;&gt;[]}&amp;","2024-05-13 05:48:33","Δ10","5.1","2","1","0","1"
"262","{table: Β4}&amp;{price: 3.0999999046325684|{Name:Φετα Ψητη&amp; price:3.1&amp;category:ΟΡΕΚΤΙΚΑ&amp;quantity:1&amp;&lt;&gt;[]}&amp;","2024-05-13 05:49:02","Β4","3.1","1","1","1","1"
"263","{table: αΔ12}&amp;{price: 3.0999999046325684|{Name:Φετα Ψητη&amp; price:3.1&amp;category:ΟΡΕΚΤΙΚΑ&amp;quantity:1&amp;&lt;&gt;[]}&amp;","2024-05-14 11:41:04","αΔ12","3.1","1","1","1","1"
"264","{table: Δ12}&amp;{price: 3.0999999046325684|{Name:Φετα Ψητη&amp; price:3.1&amp;category:ΟΡΕΚΤΙΚΑ&amp;quantity:1&amp;&lt;&gt;[]}&amp;","2024-05-14 11:47:17","Δ12","3.1","2","1","0","1"
"265","{table: Δ12}&amp;{price: 3.0999999046325684|{Name:Φετα Ψητη&amp; price:3.1&amp;category:ΟΡΕΚΤΙΚΑ&amp;quantity:1&amp;&lt;&gt;[]}&amp;","2024-05-14 11:50:58","Δ12","3.1","3","1","0","1"
"266","{table: Δ12}&amp;{price: 3.0999999046325684|{Name:Φετα Ψητη&amp; price:3.1&amp;category:ΟΡΕΚΤΙΚΑ&amp;quantity:1&amp;&lt;&gt;[]}&amp;","2024-05-14 11:54:29","Δ12","3.1","4","1","0","1"
"267","{table: Δ12}&amp;{price: 3.0999999046325684|{Name:Φετα Ψητη&amp; price:3.1&amp;category:ΟΡΕΚΤΙΚΑ&amp;quantity:1&amp;&lt;&gt;[]}&amp;","2024-05-14 11:55:43","Δ12","3.1","5","1","0","1"
"268","{table: Δ12}&amp;{price: 3.0999999046325684|{Name:Φετα Ψητη&amp; price:3.1&amp;category:ΟΡΕΚΤΙΚΑ&amp;quantity:1&amp;&lt;&gt;[]}&amp;","2024-05-14 12:04:16","Δ12","3.1","6","1","0","1"
"269","{table: Δ12}&amp;{price: 5.099999904632568|{Name:Σαλατα χωριατικη&amp; price:5.1&amp;category:ΣΑΛΑΤΕΣ&amp;quantity:1&amp;&lt;&gt;[]}&amp;","2024-05-14 12:04:16","Δ12","5.1","7","1","0","1"
"270","{table: Δ12}&amp;{price: 3.0999999046325684|{Name:Φετα Ψητη&amp; price:3.1&amp;category:ΟΡΕΚΤΙΚΑ&amp;quantity:1&amp;&lt;&gt;[]}&amp;","2024-05-14 12:04:16","Δ12","3.1","8","1","0","1"
"271","{table: Δ12}&amp;{price: 3.0999999046325684|{Name:Φετα Ψητη&amp; price:3.1&amp;category:ΟΡΕΚΤΙΚΑ&amp;quantity:1&amp;&lt;&gt;[]}&amp;","2024-05-14 12:04:16","Δ12","3.1","9","1","0","1"
"272","{table: Δ12}&amp;{price: 3.0999999046325684|{Name:Φετα Ψητη&amp; price:3.1&amp;category:ΟΡΕΚΤΙΚΑ&amp;quantity:1&amp;&lt;&gt;[]}&amp;","2024-05-14 12:04:16","Δ12","3.1","10","1","0","1"
"273","{table: Δ12}&amp;{price: 3.0999999046325684|{Name:Φετα Ψητη&amp; price:3.1&amp;category:ΟΡΕΚΤΙΚΑ&amp;quantity:1&amp;&lt;&gt;[]}&amp;","2024-05-14 12:04:16","Δ12","3.1","11","1","0","1"
"274","{table: Δ12}&amp;{price: 3.5|{Name:πιτα με κοτοπουλο&amp; price:3.5&amp;category:ΤΥΛΙΧΤΑ&amp;quantity:1&amp;&lt;&gt;[τζατζικι,τυρι τριμμενο&lt;&gt;(1)$3.5$_]}&amp;","2024-05-14 12:07:05","Δ12","3.5","12","1","0","1"
"275","{table: Δ12}&amp;{price: 3.0999999046325684|{Name:Φετα Ψητη&amp; price:3.1&amp;category:ΟΡΕΚΤΙΚΑ&amp;quantity:1&amp;&lt;&gt;[]}&amp;","2024-05-14 12:08:03","Δ12","3.1","13","1","0","1"
"276","{table: Δ12}&amp;{price: 3.5|{Name:πιτα με σουβλακι&amp; price:3.5&amp;category:ΤΥΛΙΧΤΑ&amp;quantity:1&amp;&lt;&gt;[τυρι τριμμενο&lt;&gt;(1)$3.5$_]}&amp;","2024-05-14 12:57:11","Δ12","3.5","14","1","0","1"
"277","{table: Δ12}&amp;{price: 3.5|{Name:πιτα με σουβλακι&amp; price:3.5&amp;category:ΤΥΛΙΧΤΑ&amp;quantity:1&amp;&lt;&gt;[τυρι τριμμενο&lt;&gt;(1)$3.5$_]}&amp;","2024-05-14 01:00:35","Δ12","3.5","15","1","0","1"
"278","{table: Δ12}&amp;{price: 8.199999809265137|{Name:Σαλατα πρασινη&amp; price:5.1&amp;category:ΣΑΛΑΤΕΣ&amp;quantity:1&amp;&lt;null&gt;[]}&amp;{Name:πιτα με σουβλακι&amp; price:3.1&amp;category:ΤΥΛΙΧΤΑ&amp;quantity:1&amp;&lt;&gt;[τζατζικι&lt;&gt;(1)$3.1$_]}&amp;","2024-05-14 01:02:11","Δ12","8.2","16","1","0","1"
"279","{table: Δ12}&amp;{price: 3.0999999046325684|{Name:Φετα Ψητη&amp; price:3.1&amp;category:ΟΡΕΚΤΙΚΑ&amp;quantity:1&amp;&lt;&gt;[]}&amp;","2024-05-14 01:03:26","Δ12","3.1","17","1","0","1"
"280","{table: Δ12}&amp;{price: 3.0999999046325684|{Name:πιτα με σουβλακι&amp; price:3.1&amp;category:ΤΥΛΙΧΤΑ&amp;quantity:1&amp;&lt;null&gt;[]}&amp;","2024-05-14 01:26:37","Δ12","3.1","18","1","0","1"
"281","{table: Δ12}&amp;{price: 3.0999999046325684|{Name:πιτα με σουβλακι&amp; price:3.1&amp;category:ΤΥΛΙΧΤΑ&amp;quantity:1&amp;&lt;&gt;[τζατζικι&lt;&gt;(1)$3.1$_]}&amp;","2024-05-14 01:26:48","Δ12","3.1","19","1","0","1"
"282","{table: Δ12}&amp;{price: 5.099999904632568|{Name:Σαλατα πρασινη&amp; price:5.1&amp;category:ΣΑΛΑΤΕΣ&amp;quantity:1&amp;&lt;&gt;[]}&amp;","2024-05-14 01:26:57","Δ12","5.1","20","1","0","1"
"283","{table: Δ12}&amp;{price: 3.0999999046325684|{Name:Φετα Ψητη&amp; price:3.1&amp;category:ΟΡΕΚΤΙΚΑ&amp;quantity:1&amp;&lt;&gt;[]}&amp;","2024-05-14 01:28:21","Δ12","3.1","21","1","0","1"
"284","{table: Α10}&amp;{price: 3.0999999046325684|{Name:Φετα Ψητη&amp; price:3.1&amp;category:ΟΡΕΚΤΙΚΑ&amp;quantity:1&amp;&lt;&gt;[]}&amp;","2024-05-15 04:20:09","Α10","3.1","1","1","1","1"
"285","{table: α10}&amp;{price: 3.0999999046325684|{Name:Φετα Ψητη&amp; price:3.1&amp;category:ΟΡΕΚΤΙΚΑ&amp;quantity:1&amp;&lt;&gt;[]}&amp;","2024-05-15 04:28:12","α10","3.1","2","1","0","1"
"286","{table: α10}&amp;{price: 3.0999999046325684|{Name:Φετα Ψητη&amp; price:3.1&amp;category:ΟΡΕΚΤΙΚΑ&amp;quantity:1&amp;&lt;&gt;[]}&amp;","2024-05-15 04:42:31","α10","3.1","3","1","0","1"
"287","{table: α10}&amp;{price: 3.0999999046325684|{Name:Φετα Ψητη&amp; price:3.1&amp;category:ΟΡΕΚΤΙΚΑ&amp;quantity:1&amp;&lt;&gt;[]}&amp;","2024-05-15 04:42:31","α10","3.1","4","1","0","1"
"288","{table: α10}&amp;{price: 3.0999999046325684|{Name:Φετα Ψητη&amp; price:3.1&amp;category:ΟΡΕΚΤΙΚΑ&amp;quantity:1&amp;&lt;&gt;[]}&amp;","2024-05-15 04:42:36","α10","3.1","5","1","0","1"
"289","{table: Α10}&amp;{price: 3.0999999046325684|{Name:πιτα με σουβλακι&amp; price:3.1&amp;category:ΤΥΛΙΧΤΑ&amp;quantity:1&amp;&lt;&gt;[τζατζικι&lt;&gt;(1)$3.1$_]}&amp;","2024-05-17 12:55:14","Α10","3.1","1","1","0","1"
"290","{table: Α10}&amp;{price: 3.0999999046325684|{Name:πιτα με σουβλακι&amp; price:3.1&amp;category:ΤΥΛΙΧΤΑ&amp;quantity:1&amp;&lt;&gt;[τζατζικι&lt;&gt;(1)$3.1$_]}&amp;","2024-05-17 12:56:21","Α10","3.1","2","1","0","1"
"291","{table: Α10}&amp;{price: 3.5|{Name:πιτα με κοτοπουλο&amp; price:3.5&amp;category:ΤΥΛΙΧΤΑ&amp;quantity:1&amp;&lt;&gt;[τυρι τριμμενο&lt;&gt;(1)$3.5$_]}&amp;","2024-05-17 12:57:36","Α10","3.5","3","1","0","1"
"292","{table: Γ1}&amp;{price: 3.0999999046325684|{Name:πιτα με σουβλακι&amp; price:3.1&amp;category:ΤΥΛΙΧΤΑ&amp;quantity:1&amp;&lt;&gt;[τζατζικι&lt;&gt;(1)$3.1$_]}&amp;","2024-05-17 12:57:56","Γ1","3.1","1","1","0","1"
"293","{table: Γ1}&amp;{price: 3.0999999046325684|{Name:πιτα με σουβλακι&amp; price:3.1&amp;category:ΤΥΛΙΧΤΑ&amp;quantity:1&amp;&lt;&gt;[τζατζικι&lt;&gt;(1)$3.1$_]}&amp;","2024-05-17 12:59:26","Γ1","3.1","2","1","0","1"
"294","{table: Γ1}&amp;{price: 3.0999999046325684|{Name:πιτα με σουβλακι&amp; price:3.1&amp;category:ΤΥΛΙΧΤΑ&amp;quantity:1&amp;&lt;&gt;[τζατζικι&lt;&gt;(1)$3.1$_]}&amp;","2024-05-17 01:02:23","Γ1","3.1","3","1","0","1"
"295","{table: Α1}&amp;{price: 3.5|{Name:πιτα με κοτοπουλο&amp; price:3.5&amp;category:ΤΥΛΙΧΤΑ&amp;quantity:1&amp;&lt;&gt;[τυροκαυτερη&lt;&gt;(1)$3.5$_]}&amp;","2024-05-17 01:03:02","Α1","3.5","1","1","1","1"
"296","{table: Α1}&amp;{price: 3.0999999046325684|{Name:πιτα με σουβλακι&amp; price:3.1&amp;category:ΤΥΛΙΧΤΑ&amp;quantity:1&amp;&lt;&gt;[τζατζικι&lt;&gt;(1)$3.1$_]}&amp;","2024-05-17 01:03:19","Α1","3.1","2","1","0","1"
"297","{table: Α1}&amp;{price: 3.0999999046325684|{Name:πιτα με σουβλακι&amp; price:3.1&amp;category:ΤΥΛΙΧΤΑ&amp;quantity:1&amp;&lt;&gt;[τζατζικι&lt;&gt;(1)$3.1$_]}&amp;","2024-05-17 01:03:35","Α1","3.1","3","1","0","1"
"298","{table: Α14}&amp;{price: 3.0999999046325684|{Name:πιτα με σουβλακι&amp; price:3.1&amp;category:ΤΥΛΙΧΤΑ&amp;quantity:1&amp;&lt;&gt;[τζατζικι&lt;&gt;(1)$3.1$_]}&amp;","2024-05-17 01:04:59","Α14","3.1","1","1","0","1"
"299","{table: Β5}&amp;{price: 3.0999999046325684|{Name:πιτα με σουβλακι&amp; price:3.1&amp;category:ΤΥΛΙΧΤΑ&amp;quantity:1&amp;&lt;&gt;[τζατζικι&lt;&gt;(1)$3.1$_]}&amp;","2024-05-17 01:08:00","Β5","3.1","1","1","0","1"
"300","{table: Β5}&amp;{price: 3.0999999046325684|{Name:πιτα με σουβλακι&amp; price:3.1&amp;category:ΤΥΛΙΧΤΑ&amp;quantity:1&amp;&lt;&gt;[τζατζικι&lt;&gt;(1)$3.1$_]}&amp;","2024-05-17 01:19:27","Β5","3.1","1","1","1","1"
"301","{table: Β5}&amp;{price: 3.0999999046325684|{Name:πιτα με σουβλακι&amp; price:3.1&amp;category:ΤΥΛΙΧΤΑ&amp;quantity:1&amp;&lt;null&gt;[]}&amp;","2024-05-17 03:13:49","Β5","3.1","1","1","0","1"
"302","{table: Β5}&amp;{price: 3.0999999046325684|{Name:πιτα με σουβλακι&amp; price:3.1&amp;category:ΤΥΛΙΧΤΑ&amp;quantity:1&amp;&lt;&gt;[τζατζικι&lt;&gt;(1)$3.1$_]}&amp;","2024-05-17 03:14:30","Β5","3.1","1","1","1","1"
"303","{table: Α10}&amp;{price: 3.0999999046325684|{Name:πιτα με κοτοπουλο&amp; price:3.1&amp;category:ΤΥΛΙΧΤΑ&amp;quantity:1&amp;&lt;&gt;[τζατζικι&lt;&gt;(1)$3.1$_]}&amp;","2024-05-17 03:14:47","Α10","3.1","1","1","1","1"
"304","{table: Α10}&amp;{price: 6.199999809265137|{Name:πιτα με σουβλακι&amp; price:3.1&amp;category:ΤΥΛΙΧΤΑ&amp;quantity:1&amp;&lt;&gt;[τζατζικι&lt;&gt;(1)$3.1$_]}&amp;{Name:πιτα με κοτοπουλο&amp; price:3.1&amp;category:ΤΥΛΙΧΤΑ&amp;quantity:1&amp;&lt;&gt;[σως&lt;&gt;(1)$3.1$_]}&amp;","2024-05-17 04:54:03","Α10","6.2","2","1","1","1"
"305","{table: Γ1}&amp;{price: 11.299999713897705|{Name:πιτα με σουβλακι&amp; price:3.1&amp;category:ΤΥΛΙΧΤΑ&amp;quantity:1&amp;&lt;&gt;[τζατζικι&lt;&gt;(1)$3.1$_]}&amp;{Name:πιτα με κοτοπουλο&amp; price:3.1&amp;category:ΤΥΛΙΧΤΑ&amp;quantity:1&amp;&lt;&gt;[σως&lt;&gt;(1)$3.1$_]}&amp;{Name:Σαλατα χωριατικη&amp; price:5.1&amp;category:ΣΑΛΑΤΕΣ&amp;quantity:1&amp;&lt;&gt;[]}&amp;","2024-05-17 04:55:01","Γ1","11.3","1","1","1","0"
"306","{table: Β1}&amp;{price: 3.0999999046325684|{Name:πιτα με σουβλακι&amp; price:3.1&amp;category:ΤΥΛΙΧΤΑ&amp;quantity:1&amp;&lt;&gt;[τζατζικι&lt;&gt;(1)$3.1$_]}&amp;","2024-05-17 11:09:48","Β1","3.1","1","1","1","0"
"307","{table: Β1}&amp;{price: 3.5|{Name:πιτα με σουβλακι&amp; price:3.5&amp;category:ΤΥΛΙΧΤΑ&amp;quantity:1&amp;&lt;&gt;[τυρι τριμμενο&lt;&gt;(1)$3.5$_]}&amp;","2024-05-17 11:10:28","Β1","3.5","2","1","1","0"
"308","{table: α1}&amp;{price: 11.299999713897705|{Name:Σαλατα χωριατικη&amp; price:5.1&amp;category:ΣΑΛΑΤΕΣ&amp;quantity:1&amp;&lt;&gt;[]}&amp;{Name:πιτα με κοτοπουλο&amp; price:3.1&amp;category:ΤΥΛΙΧΤΑ&amp;quantity:1&amp;&lt;&gt;[τζατζικι&lt;&gt;(1)$3.1$_]}&amp;{Name:Φετα Ψητη&amp; price:3.1&amp;category:ΟΡΕΚΤΙΚΑ&amp;quantity:1&amp;&lt;&gt;[]}&amp;","2024-05-17 03:38:33","α1","11.3","1","1","1","1"
"309","{table: Α1}&amp;{price: 8.599999904632568|{Name:Σαλατα χωριατικη&amp; price:5.1&amp;category:ΣΑΛΑΤΕΣ&amp;quantity:1&amp;&lt;&gt;[]}&amp;{Name:πιτα με σουβλακι&amp; price:3.5&amp;category:ΤΥΛΙΧΤΑ&amp;quantity:1&amp;&lt;&gt;[τυρι τριμμενο&lt;&gt;(1)$3.5$_]}&amp;","2024-06-03 12:13:41","Α1","8.6","2","1","1","1"
"310","{table: Α5}&amp;{price: 5.099999904632568|{Name:Σαλατα πρασινη&amp; price:5.1&amp;category:ΣΑΛΑΤΕΣ&amp;quantity:1&amp;&lt;&gt;[]}&amp;","2024-06-12 10:49:29","Α5","5.1","1","1","1","1"
"311","{table: Α5}&amp;{price: 5.099999904632568|{Name:Σαλατα χωριατικη&amp; price:5.1&amp;category:ΣΑΛΑΤΕΣ&amp;quantity:1&amp;&lt;&gt;[]}&amp;","2024-06-12 10:50:07","Α5","5.1","2","1","1","1"
"312","{table: Α15}&amp;{price: 5.099999904632568|{Name:Σαλατα πρασινη&amp; price:5.1&amp;category:ΣΑΛΑΤΕΣ&amp;quantity:1&amp;&lt;&gt;[]}&amp;","2024-11-01 06:07:05","Α15","5.1","1","1","1","0"
"313","{table: Β15}&amp;{price: 3.0999999046325684|{Name:πιτα με σουβλακι&amp; price:3.1&amp;category:ΤΥΛΙΧΤΑ&amp;quantity:1&amp;&lt;no oil&gt;[σως,τζατζικι&lt;no oil&gt;(1)$3.1$_]}&amp;","2024-11-01 06:07:55","Β15","3.1","1","1","1","0"
"314","{table: Α5}&amp;{price: 5.099999904632568|{Name:Σαλατα πρασινη&amp; price:5.1&amp;category:ΣΑΛΑΤΕΣ&amp;quantity:1&amp;&lt;&gt;[]}&amp;","2024-11-09 02:19:22","Α5","5.1","3","1","1","1"
"315","{table: Α20}&amp;{price: 3.0999999046325684|{Name:Φετα Ψητη&amp; price:3.1&amp;category:ΟΡΕΚΤΙΚΑ&amp;quantity:1&amp;&lt;&gt;[]}&amp;","2024-11-09 02:44:07","Α20","3.1","1","1","0","1"
"316","{table: Α20}&amp;{price: 5.099999904632568|{Name:Σαλατα χωριατικη&amp; price:5.1&amp;category:ΣΑΛΑΤΕΣ&amp;quantity:1&amp;&lt;&gt;[]}&amp;","2024-11-09 03:20:35","Α20","5.1","2","1","0","1"
"317","{table: Α20}&amp;{price: 13.299999713897705|{Name:Σαλατα πρασινη&amp; price:5.1&amp;category:ΣΑΛΑΤΕΣ&amp;quantity:1&amp;&lt;null&gt;[]}&amp;{Name:Σαλατα χωριατικη&amp; price:5.1&amp;category:ΣΑΛΑΤΕΣ&amp;quantity:1&amp;&lt;null&gt;[]}&amp;{Name:πιτα με σουβλακι&amp; price:3.1&amp;category:ΤΥΛΙΧΤΑ&amp;quantity:1&amp;&lt;&gt;[σως&lt;&gt;(1)$3.1$_]}&amp;","2024-11-09 03:20:48","Α20","13.3","3","1","0","1"
"318","{table: Α20}&amp;{price: 3.0999999046325684|{Name:Φετα Ψητη&amp; price:3.1&amp;category:ΟΡΕΚΤΙΚΑ&amp;quantity:1&amp;&lt;&gt;[]}&amp;","2024-11-09 03:27:11","Α20","3.1","4","1","0","1"
"319","{table: Α1}&amp;{price: 5.099999904632568|{Name:Σαλατα χωριατικη&amp; price:5.1&amp;category:ΣΑΛΑΤΕΣ&amp;quantity:1&amp;&lt;&gt;[]}&amp;","2024-11-12 12:43:49","Α1","5.1","1","1","0","1"
"320","{table: Α14}&amp;{price: 10.199999809265137|{Name:Σαλατα πρασινη&amp; price:10.2&amp;category:ΣΑΛΑΤΕΣ&amp;quantity:2&amp;&lt;allergic&gt;[]}&amp;","2024-11-12 01:53:28","Α14","10.2","1","1","1","0"
"321","{table: Α16}&amp;{price: 3.0999999046325684|{Name:Φετα Ψητη&amp; price:3.1&amp;category:ΟΡΕΚΤΙΚΑ&amp;quantity:1&amp;&lt;&gt;[]}&amp;","2024-11-12 01:53:45","Α16","3.1","1","1","0","1"
"322","{table: Α1}&amp;{price: 5.099999904632568|{Name:Σαλατα χωριατικη&amp; price:5.1&amp;category:ΣΑΛΑΤΕΣ&amp;quantity:1&amp;&lt;&gt;[]}&amp;","2024-11-12 05:44:52","Α1","5.1","1","1","1","1"
"323","{table: Α10}&amp;{price: 5.099999904632568|{Name:Σαλατα χωριατικη&amp; price:5.1&amp;category:ΣΑΛΑΤΕΣ&amp;quantity:1&amp;&lt;&gt;[]}&amp;","2024-11-12 09:54:46","Α10","5.1","1","1","1","1"
"324","{table: Α10}&amp;{price: 5.099999904632568|{Name:Σαλατα πρασινη&amp; price:5.1&amp;category:ΣΑΛΑΤΕΣ&amp;quantity:1&amp;&lt;&gt;[]}&amp;","2024-11-12 10:12:59","Α10","5.1","2","1","1","1"
"325","{table: Α10}&amp;{price: 3.0999999046325684|{Name:Φετα Ψητη&amp; price:3.1&amp;category:ΟΡΕΚΤΙΚΑ&amp;quantity:1&amp;&lt;&gt;[]}&amp;","2024-11-12 10:13:19","Α10","3.1","3","1","1","1"
"326","{table: Α10}&amp;{price: 5.099999904632568|{Name:Σαλατα πρασινη&amp; price:5.1&amp;category:ΣΑΛΑΤΕΣ&amp;quantity:1&amp;&lt;&gt;[]}&amp;","2024-11-12 10:15:11","Α10","5.1","4","1","1","1"
"327","{table: Α10}&amp;{price: 5.099999904632568|{Name:Σαλατα πρασινη&amp; price:5.1&amp;category:ΣΑΛΑΤΕΣ&amp;quantity:1&amp;&lt;&gt;[]}&amp;","2024-11-12 10:20:13","Α10","5.1","5","1","1","1"
"328","{table: Α10}&amp;{price: 5.099999904632568|{Name:Σαλατα πρασινη&amp; price:5.1&amp;category:ΣΑΛΑΤΕΣ&amp;quantity:1&amp;&lt;&gt;[]}&amp;","2024-11-12 10:21:47","Α10","5.1","6","1","1","1"
"329","{table: Δ10}&amp;{price: 5.099999904632568|{Name:Σαλατα πρασινη&amp; price:5.1&amp;category:ΣΑΛΑΤΕΣ&amp;quantity:1&amp;&lt;&gt;[]}&amp;","2024-11-12 10:22:06","Δ10","5.1","1","1","1","0"
"330","{table: Δ10}&amp;{price: 5.099999904632568|{Name:Σαλατα πρασινη&amp; price:5.1&amp;category:ΣΑΛΑΤΕΣ&amp;quantity:1&amp;&lt;&gt;[]}&amp;","2024-11-12 10:34:08","Δ10","5.1","2","1","1","0"
"331","{table: Δ10}&amp;{price: 3.0999999046325684|{Name:πιτα με σουβλακι&amp; price:3.1&amp;category:ΤΥΛΙΧΤΑ&amp;quantity:1&amp;&lt;&gt;[σως&lt;&gt;(1)$3.1$_]}&amp;","2024-11-12 10:34:23","Δ10","3.1","3","1","1","0"
"332","{table: Δ10}&amp;{price: 3.0999999046325684|{Name:Φετα Ψητη&amp; price:3.1&amp;category:ΟΡΕΚΤΙΚΑ&amp;quantity:1&amp;&lt;&gt;[]}&amp;","2024-11-12 10:34:28","Δ10","3.1","4","1","1","0"
"333","{table: Δ10}&amp;{price: 5.099999904632568|{Name:Σαλατα πρασινη&amp; price:5.1&amp;category:ΣΑΛΑΤΕΣ&amp;quantity:1&amp;&lt;&gt;[]}&amp;","2024-11-12 10:59:08","Δ10","5.1","5","1","1","0"
"334","{table: Α15}&amp;{price: 8.199999809265137|{Name:Σαλατα πρασινη&amp; price:5.1&amp;category:ΣΑΛΑΤΕΣ&amp;quantity:1&amp;&lt;null&gt;[]}&amp;{Name:Φετα Ψητη&amp; price:3.1&amp;category:ΟΡΕΚΤΙΚΑ&amp;quantity:1&amp;&lt;null&gt;[]}&amp;","2024-11-12 11:23:50","Α15","8.2","2","1","1","0"
"335","{table: Α30}&amp;{price: 5.099999904632568|{Name:Σαλατα χωριατικη&amp; price:5.1&amp;category:ΣΑΛΑΤΕΣ&amp;quantity:1&amp;&lt;&gt;[]}&amp;","2024-11-12 11:24:18","Α30","5.1","1","1","1","1"
"336","{table: Β1}&amp;{price: 5.099999904632568|{Name:Σαλατα χωριατικη&amp; price:5.1&amp;category:ΣΑΛΑΤΕΣ&amp;quantity:1&amp;&lt;&gt;[]}&amp;","2024-11-14 09:33:00","Β1","5.1","3","1","1","0"
"337","{table: Α5}&amp;{price: 5.099999904632568|{Name:Σαλατα χωριατικη&amp; price:5.1&amp;category:ΣΑΛΑΤΕΣ&amp;quantity:1&amp;&lt;&gt;[]}&amp;","2024-11-15 07:08:47","Α5","5.1","4","1","1","1"
"338","{table: Α1}&amp;{price: 5.099999904632568|{Name:Σαλατα πρασινη&amp; price:5.1&amp;category:ΣΑΛΑΤΕΣ&amp;quantity:1&amp;&lt;&gt;[]}&amp;","2024-11-15 07:11:26","Α1","5.1","1","1","1","0"
"339","{table: Α5}&amp;{price: 3.0999999046325684|{Name:Φετα Ψητη&amp; price:3.1&amp;category:ΟΡΕΚΤΙΚΑ&amp;quantity:1&amp;&lt;&gt;[]}&amp;","2024-12-05 06:45:41","Α5","3.1","1","1","1","0"
"340","{table: Α10}&amp;{price: 3.0999999046325684|{Name:πιτα με σουβλακι&amp; price:3.1&amp;category:ΤΥΛΙΧΤΑ&amp;quantity:1&amp;&lt;&gt;[τζατζικι&lt;&gt;(1)$3.1$_]}&amp;","2024-12-05 06:46:02","Α10","3.1","1","1","1","1"
"341","{table: Α10}&amp;{price: 5.099999904632568|{Name:Σαλατα χωριατικη&amp; price:5.1&amp;category:ΣΑΛΑΤΕΣ&amp;quantity:1&amp;&lt;&gt;[]}&amp;","2024-12-05 06:46:15","Α10","5.1","2","1","1","1"
"id","name","price","category","toppings"
"24","Φετα Ψητη","3.1","ΟΡΕΚΤΙΚΑ",
"28","πιτα με σουβλακι","3.1","ΤΥΛΙΧΤΑ","σως/0,τζατζικι/0,τυρι τριμμενο/0.4,τυροκαυτερη/0.4,"
"29","Σαλατα χωριατικη","5.1","ΣΑΛΑΤΕΣ",
"31","πιτα με κοτοπουλο","3.1","ΤΥΛΙΧΤΑ","σως/0,τζατζικι/0,τυρι τριμμενο/0.4,τυροκαυτερη/0.4,"
"id","name","extra"
"9","σως","0"
"11","τζατζικι","0"
"12","τυρι τριμμενο","0.4"
"13","τυροκαυτερη","0.4"
